MusicID,filename,genre
000,blues.00000.wav,blues
001,blues.00001.wav,blues
002,blues.00002.wav,blues
003,blues.00003.wav,blues
004,blues.00004.wav,blues
005,blues.00005.wav,blues
006,blues.00006.wav,blues
007,blues.00007.wav,blues
008,blues.00008.wav,blues
009,blues.00009.wav,blues
010,blues.00010.wav,blues
011,blues.00011.wav,blues
012,blues.00012.wav,blues
013,blues.00013.wav,blues
014,blues.00014.wav,blues
015,blues.00015.wav,blues
016,blues.00016.wav,blues
017,blues.00017.wav,blues
018,blues.00018.wav,blues
019,blues.00019.wav,blues
020,blues.00020.wav,blues
021,blues.00021.wav,blues
022,blues.00022.wav,blues
023,blues.00023.wav,blues
024,blues.00024.wav,blues
025,blues.00025.wav,blues
026,blues.00026.wav,blues
027,blues.00027.wav,blues
028,blues.00028.wav,blues
029,blues.00029.wav,blues
030,blues.00030.wav,blues
031,blues.00031.wav,blues
032,blues.00032.wav,blues
033,blues.00033.wav,blues
034,blues.00034.wav,blues
035,blues.00035.wav,blues
036,blues.00036.wav,blues
037,blues.00037.wav,blues
038,blues.00038.wav,blues
039,blues.00039.wav,blues
040,blues.00040.wav,blues
041,blues.00041.wav,blues
042,blues.00042.wav,blues
043,blues.00043.wav,blues
044,blues.00044.wav,blues
045,blues.00045.wav,blues
046,blues.00046.wav,blues
047,blues.00047.wav,blues
048,blues.00048.wav,blues
049,blues.00049.wav,blues
050,blues.00050.wav,blues
051,blues.00051.wav,blues
052,blues.00052.wav,blues
053,blues.00053.wav,blues
054,blues.00054.wav,blues
055,blues.00055.wav,blues
056,blues.00056.wav,blues
057,blues.00057.wav,blues
058,blues.00058.wav,blues
059,blues.00059.wav,blues
060,blues.00060.wav,blues
061,blues.00061.wav,blues
062,blues.00062.wav,blues
063,blues.00063.wav,blues
064,blues.00064.wav,blues
065,blues.00065.wav,blues
066,blues.00066.wav,blues
067,blues.00067.wav,blues
068,blues.00068.wav,blues
069,blues.00069.wav,blues
070,blues.00070.wav,blues
071,blues.00071.wav,blues
072,blues.00072.wav,blues
073,blues.00073.wav,blues
074,blues.00074.wav,blues
075,blues.00075.wav,blues
076,blues.00076.wav,blues
077,blues.00077.wav,blues
078,blues.00078.wav,blues
079,blues.00079.wav,blues
080,blues.00080.wav,blues
081,blues.00081.wav,blues
082,blues.00082.wav,blues
083,blues.00083.wav,blues
084,blues.00084.wav,blues
085,blues.00085.wav,blues
086,blues.00086.wav,blues
087,blues.00087.wav,blues
088,blues.00088.wav,blues
089,blues.00089.wav,blues
090,blues.00090.wav,blues
091,blues.00091.wav,blues
092,blues.00092.wav,blues
093,blues.00093.wav,blues
094,blues.00094.wav,blues
095,blues.00095.wav,blues
096,blues.00096.wav,blues
097,blues.00097.wav,blues
098,blues.00098.wav,blues
099,blues.00099.wav,blues
100,classical.00000.wav,classical
101,classical.00001.wav,classical
102,classical.00002.wav,classical
103,classical.00003.wav,classical
104,classical.00004.wav,classical
105,classical.00005.wav,classical
106,classical.00006.wav,classical
107,classical.00007.wav,classical
108,classical.00008.wav,classical
109,classical.00009.wav,classical
110,classical.00010.wav,classical
111,classical.00011.wav,classical
112,classical.00012.wav,classical
113,classical.00013.wav,classical
114,classical.00014.wav,classical
115,classical.00015.wav,classical
116,classical.00016.wav,classical
117,classical.00017.wav,classical
118,classical.00018.wav,classical
119,classical.00019.wav,classical
120,classical.00020.wav,classical
121,classical.00021.wav,classical
122,classical.00022.wav,classical
123,classical.00023.wav,classical
124,classical.00024.wav,classical
125,classical.00025.wav,classical
126,classical.00026.wav,classical
127,classical.00027.wav,classical
128,classical.00028.wav,classical
129,classical.00029.wav,classical
130,classical.00030.wav,classical
131,classical.00031.wav,classical
132,classical.00032.wav,classical
133,classical.00033.wav,classical
134,classical.00034.wav,classical
135,classical.00035.wav,classical
136,classical.00036.wav,classical
137,classical.00037.wav,classical
138,classical.00038.wav,classical
139,classical.00039.wav,classical
140,classical.00040.wav,classical
141,classical.00041.wav,classical
142,classical.00042.wav,classical
143,classical.00043.wav,classical
144,classical.00044.wav,classical
145,classical.00045.wav,classical
146,classical.00046.wav,classical
147,classical.00047.wav,classical
148,classical.00048.wav,classical
149,classical.00049.wav,classical
150,classical.00050.wav,classical
151,classical.00051.wav,classical
152,classical.00052.wav,classical
153,classical.00053.wav,classical
154,classical.00054.wav,classical
155,classical.00055.wav,classical
156,classical.00056.wav,classical
157,classical.00057.wav,classical
158,classical.00058.wav,classical
159,classical.00059.wav,classical
160,classical.00060.wav,classical
161,classical.00061.wav,classical
162,classical.00062.wav,classical
163,classical.00063.wav,classical
164,classical.00064.wav,classical
165,classical.00065.wav,classical
166,classical.00066.wav,classical
167,classical.00067.wav,classical
168,classical.00068.wav,classical
169,classical.00069.wav,classical
170,classical.00070.wav,classical
171,classical.00071.wav,classical
172,classical.00072.wav,classical
173,classical.00073.wav,classical
174,classical.00074.wav,classical
175,classical.00075.wav,classical
176,classical.00076.wav,classical
177,classical.00077.wav,classical
178,classical.00078.wav,classical
179,classical.00079.wav,classical
180,classical.00080.wav,classical
181,classical.00081.wav,classical
182,classical.00082.wav,classical
183,classical.00083.wav,classical
184,classical.00084.wav,classical
185,classical.00085.wav,classical
186,classical.00086.wav,classical
187,classical.00087.wav,classical
188,classical.00088.wav,classical
189,classical.00089.wav,classical
190,classical.00090.wav,classical
191,classical.00091.wav,classical
192,classical.00092.wav,classical
193,classical.00093.wav,classical
194,classical.00094.wav,classical
195,classical.00095.wav,classical
196,classical.00096.wav,classical
197,classical.00097.wav,classical
198,classical.00098.wav,classical
199,classical.00099.wav,classical
200,country.00000.wav,country
201,country.00001.wav,country
202,country.00002.wav,country
203,country.00003.wav,country
204,country.00004.wav,country
205,country.00005.wav,country
206,country.00006.wav,country
207,country.00007.wav,country
208,country.00008.wav,country
209,country.00009.wav,country
210,country.00010.wav,country
211,country.00011.wav,country
212,country.00012.wav,country
213,country.00013.wav,country
214,country.00014.wav,country
215,country.00015.wav,country
216,country.00016.wav,country
217,country.00017.wav,country
218,country.00018.wav,country
219,country.00019.wav,country
220,country.00020.wav,country
221,country.00021.wav,country
222,country.00022.wav,country
223,country.00023.wav,country
224,country.00024.wav,country
225,country.00025.wav,country
226,country.00026.wav,country
227,country.00027.wav,country
228,country.00028.wav,country
229,country.00029.wav,country
230,country.00030.wav,country
231,country.00031.wav,country
232,country.00032.wav,country
233,country.00033.wav,country
234,country.00034.wav,country
235,country.00035.wav,country
236,country.00036.wav,country
237,country.00037.wav,country
238,country.00038.wav,country
239,country.00039.wav,country
240,country.00040.wav,country
241,country.00041.wav,country
242,country.00042.wav,country
243,country.00043.wav,country
244,country.00044.wav,country
245,country.00045.wav,country
246,country.00046.wav,country
247,country.00047.wav,country
248,country.00048.wav,country
249,country.00049.wav,country
250,country.00050.wav,country
251,country.00051.wav,country
252,country.00052.wav,country
253,country.00053.wav,country
254,country.00054.wav,country
255,country.00055.wav,country
256,country.00056.wav,country
257,country.00057.wav,country
258,country.00058.wav,country
259,country.00059.wav,country
260,country.00060.wav,country
261,country.00061.wav,country
262,country.00062.wav,country
263,country.00063.wav,country
264,country.00064.wav,country
265,country.00065.wav,country
266,country.00066.wav,country
267,country.00067.wav,country
268,country.00068.wav,country
269,country.00069.wav,country
270,country.00070.wav,country
271,country.00071.wav,country
272,country.00072.wav,country
273,country.00073.wav,country
274,country.00074.wav,country
275,country.00075.wav,country
276,country.00076.wav,country
277,country.00077.wav,country
278,country.00078.wav,country
279,country.00079.wav,country
280,country.00080.wav,country
281,country.00081.wav,country
282,country.00082.wav,country
283,country.00083.wav,country
284,country.00084.wav,country
285,country.00085.wav,country
286,country.00086.wav,country
287,country.00087.wav,country
288,country.00088.wav,country
289,country.00089.wav,country
290,country.00090.wav,country
291,country.00091.wav,country
292,country.00092.wav,country
293,country.00093.wav,country
294,country.00094.wav,country
295,country.00095.wav,country
296,country.00096.wav,country
297,country.00097.wav,country
298,country.00098.wav,country
299,country.00099.wav,country
300,disco.00000.wav,disco
301,disco.00001.wav,disco
302,disco.00002.wav,disco
303,disco.00003.wav,disco
304,disco.00004.wav,disco
305,disco.00005.wav,disco
306,disco.00006.wav,disco
307,disco.00007.wav,disco
308,disco.00008.wav,disco
309,disco.00009.wav,disco
310,disco.00010.wav,disco
311,disco.00011.wav,disco
312,disco.00012.wav,disco
313,disco.00013.wav,disco
314,disco.00014.wav,disco
315,disco.00015.wav,disco
316,disco.00016.wav,disco
317,disco.00017.wav,disco
318,disco.00018.wav,disco
319,disco.00019.wav,disco
320,disco.00020.wav,disco
321,disco.00021.wav,disco
322,disco.00022.wav,disco
323,disco.00023.wav,disco
324,disco.00024.wav,disco
325,disco.00025.wav,disco
326,disco.00026.wav,disco
327,disco.00027.wav,disco
328,disco.00028.wav,disco
329,disco.00029.wav,disco
330,disco.00030.wav,disco
331,disco.00031.wav,disco
332,disco.00032.wav,disco
333,disco.00033.wav,disco
334,disco.00034.wav,disco
335,disco.00035.wav,disco
336,disco.00036.wav,disco
337,disco.00037.wav,disco
338,disco.00038.wav,disco
339,disco.00039.wav,disco
340,disco.00040.wav,disco
341,disco.00041.wav,disco
342,disco.00042.wav,disco
343,disco.00043.wav,disco
344,disco.00044.wav,disco
345,disco.00045.wav,disco
346,disco.00046.wav,disco
347,disco.00047.wav,disco
348,disco.00048.wav,disco
349,disco.00049.wav,disco
350,disco.00050.wav,disco
351,disco.00051.wav,disco
352,disco.00052.wav,disco
353,disco.00053.wav,disco
354,disco.00054.wav,disco
355,disco.00055.wav,disco
356,disco.00056.wav,disco
357,disco.00057.wav,disco
358,disco.00058.wav,disco
359,disco.00059.wav,disco
360,disco.00060.wav,disco
361,disco.00061.wav,disco
362,disco.00062.wav,disco
363,disco.00063.wav,disco
364,disco.00064.wav,disco
365,disco.00065.wav,disco
366,disco.00066.wav,disco
367,disco.00067.wav,disco
368,disco.00068.wav,disco
369,disco.00069.wav,disco
370,disco.00070.wav,disco
371,disco.00071.wav,disco
372,disco.00072.wav,disco
373,disco.00073.wav,disco
374,disco.00074.wav,disco
375,disco.00075.wav,disco
376,disco.00076.wav,disco
377,disco.00077.wav,disco
378,disco.00078.wav,disco
379,disco.00079.wav,disco
380,disco.00080.wav,disco
381,disco.00081.wav,disco
382,disco.00082.wav,disco
383,disco.00083.wav,disco
384,disco.00084.wav,disco
385,disco.00085.wav,disco
386,disco.00086.wav,disco
387,disco.00087.wav,disco
388,disco.00088.wav,disco
389,disco.00089.wav,disco
390,disco.00090.wav,disco
391,disco.00091.wav,disco
392,disco.00092.wav,disco
393,disco.00093.wav,disco
394,disco.00094.wav,disco
395,disco.00095.wav,disco
396,disco.00096.wav,disco
397,disco.00097.wav,disco
398,disco.00098.wav,disco
399,disco.00099.wav,disco
400,hiphop.00000.wav,hiphop
401,hiphop.00001.wav,hiphop
402,hiphop.00002.wav,hiphop
403,hiphop.00003.wav,hiphop
404,hiphop.00004.wav,hiphop
405,hiphop.00005.wav,hiphop
406,hiphop.00006.wav,hiphop
407,hiphop.00007.wav,hiphop
408,hiphop.00008.wav,hiphop
409,hiphop.00009.wav,hiphop
410,hiphop.00010.wav,hiphop
411,hiphop.00011.wav,hiphop
412,hiphop.00012.wav,hiphop
413,hiphop.00013.wav,hiphop
414,hiphop.00014.wav,hiphop
415,hiphop.00015.wav,hiphop
416,hiphop.00016.wav,hiphop
417,hiphop.00017.wav,hiphop
418,hiphop.00018.wav,hiphop
419,hiphop.00019.wav,hiphop
420,hiphop.00020.wav,hiphop
421,hiphop.00021.wav,hiphop
422,hiphop.00022.wav,hiphop
423,hiphop.00023.wav,hiphop
424,hiphop.00024.wav,hiphop
425,hiphop.00025.wav,hiphop
426,hiphop.00026.wav,hiphop
427,hiphop.00027.wav,hiphop
428,hiphop.00028.wav,hiphop
429,hiphop.00029.wav,hiphop
430,hiphop.00030.wav,hiphop
431,hiphop.00031.wav,hiphop
432,hiphop.00032.wav,hiphop
433,hiphop.00033.wav,hiphop
434,hiphop.00034.wav,hiphop
435,hiphop.00035.wav,hiphop
436,hiphop.00036.wav,hiphop
437,hiphop.00037.wav,hiphop
438,hiphop.00038.wav,hiphop
439,hiphop.00039.wav,hiphop
440,hiphop.00040.wav,hiphop
441,hiphop.00041.wav,hiphop
442,hiphop.00042.wav,hiphop
443,hiphop.00043.wav,hiphop
444,hiphop.00044.wav,hiphop
445,hiphop.00045.wav,hiphop
446,hiphop.00046.wav,hiphop
447,hiphop.00047.wav,hiphop
448,hiphop.00048.wav,hiphop
449,hiphop.00049.wav,hiphop
450,hiphop.00050.wav,hiphop
451,hiphop.00051.wav,hiphop
452,hiphop.00052.wav,hiphop
453,hiphop.00053.wav,hiphop
454,hiphop.00054.wav,hiphop
455,hiphop.00055.wav,hiphop
456,hiphop.00056.wav,hiphop
457,hiphop.00057.wav,hiphop
458,hiphop.00058.wav,hiphop
459,hiphop.00059.wav,hiphop
460,hiphop.00060.wav,hiphop
461,hiphop.00061.wav,hiphop
462,hiphop.00062.wav,hiphop
463,hiphop.00063.wav,hiphop
464,hiphop.00064.wav,hiphop
465,hiphop.00065.wav,hiphop
466,hiphop.00066.wav,hiphop
467,hiphop.00067.wav,hiphop
468,hiphop.00068.wav,hiphop
469,hiphop.00069.wav,hiphop
470,hiphop.00070.wav,hiphop
471,hiphop.00071.wav,hiphop
472,hiphop.00072.wav,hiphop
473,hiphop.00073.wav,hiphop
474,hiphop.00074.wav,hiphop
475,hiphop.00075.wav,hiphop
476,hiphop.00076.wav,hiphop
477,hiphop.00077.wav,hiphop
478,hiphop.00078.wav,hiphop
479,hiphop.00079.wav,hiphop
480,hiphop.00080.wav,hiphop
481,hiphop.00081.wav,hiphop
482,hiphop.00082.wav,hiphop
483,hiphop.00083.wav,hiphop
484,hiphop.00084.wav,hiphop
485,hiphop.00085.wav,hiphop
486,hiphop.00086.wav,hiphop
487,hiphop.00087.wav,hiphop
488,hiphop.00088.wav,hiphop
489,hiphop.00089.wav,hiphop
490,hiphop.00090.wav,hiphop
491,hiphop.00091.wav,hiphop
492,hiphop.00092.wav,hiphop
493,hiphop.00093.wav,hiphop
494,hiphop.00094.wav,hiphop
495,hiphop.00095.wav,hiphop
496,hiphop.00096.wav,hiphop
497,hiphop.00097.wav,hiphop
498,hiphop.00098.wav,hiphop
499,hiphop.00099.wav,hiphop
500,jazz.00000.wav,jazz
501,jazz.00001.wav,jazz
502,jazz.00002.wav,jazz
503,jazz.00003.wav,jazz
504,jazz.00004.wav,jazz
505,jazz.00005.wav,jazz
506,jazz.00006.wav,jazz
507,jazz.00007.wav,jazz
508,jazz.00008.wav,jazz
509,jazz.00009.wav,jazz
510,jazz.00010.wav,jazz
511,jazz.00011.wav,jazz
512,jazz.00012.wav,jazz
513,jazz.00013.wav,jazz
514,jazz.00014.wav,jazz
515,jazz.00015.wav,jazz
516,jazz.00016.wav,jazz
517,jazz.00017.wav,jazz
518,jazz.00018.wav,jazz
519,jazz.00019.wav,jazz
520,jazz.00020.wav,jazz
521,jazz.00021.wav,jazz
522,jazz.00022.wav,jazz
523,jazz.00023.wav,jazz
524,jazz.00024.wav,jazz
525,jazz.00025.wav,jazz
526,jazz.00026.wav,jazz
527,jazz.00027.wav,jazz
528,jazz.00028.wav,jazz
529,jazz.00029.wav,jazz
530,jazz.00030.wav,jazz
531,jazz.00031.wav,jazz
532,jazz.00032.wav,jazz
533,jazz.00033.wav,jazz
534,jazz.00034.wav,jazz
535,jazz.00035.wav,jazz
536,jazz.00036.wav,jazz
537,jazz.00037.wav,jazz
538,jazz.00038.wav,jazz
539,jazz.00039.wav,jazz
540,jazz.00040.wav,jazz
541,jazz.00041.wav,jazz
542,jazz.00042.wav,jazz
543,jazz.00043.wav,jazz
544,jazz.00044.wav,jazz
545,jazz.00045.wav,jazz
546,jazz.00046.wav,jazz
547,jazz.00047.wav,jazz
548,jazz.00048.wav,jazz
549,jazz.00049.wav,jazz
550,jazz.00050.wav,jazz
551,jazz.00051.wav,jazz
552,jazz.00052.wav,jazz
553,jazz.00053.wav,jazz
554,jazz.00054.wav,jazz
555,jazz.00055.wav,jazz
556,jazz.00056.wav,jazz
557,jazz.00057.wav,jazz
558,jazz.00058.wav,jazz
559,jazz.00059.wav,jazz
560,jazz.00060.wav,jazz
561,jazz.00061.wav,jazz
562,jazz.00062.wav,jazz
563,jazz.00063.wav,jazz
564,jazz.00064.wav,jazz
565,jazz.00065.wav,jazz
566,jazz.00066.wav,jazz
567,jazz.00067.wav,jazz
568,jazz.00068.wav,jazz
569,jazz.00069.wav,jazz
570,jazz.00070.wav,jazz
571,jazz.00071.wav,jazz
572,jazz.00072.wav,jazz
573,jazz.00073.wav,jazz
574,jazz.00074.wav,jazz
575,jazz.00075.wav,jazz
576,jazz.00076.wav,jazz
577,jazz.00077.wav,jazz
578,jazz.00078.wav,jazz
579,jazz.00079.wav,jazz
580,jazz.00080.wav,jazz
581,jazz.00081.wav,jazz
582,jazz.00082.wav,jazz
583,jazz.00083.wav,jazz
584,jazz.00084.wav,jazz
585,jazz.00085.wav,jazz
586,jazz.00086.wav,jazz
587,jazz.00087.wav,jazz
588,jazz.00088.wav,jazz
589,jazz.00089.wav,jazz
590,jazz.00090.wav,jazz
591,jazz.00091.wav,jazz
592,jazz.00092.wav,jazz
593,jazz.00093.wav,jazz
594,jazz.00094.wav,jazz
595,jazz.00095.wav,jazz
596,jazz.00096.wav,jazz
597,jazz.00097.wav,jazz
598,jazz.00098.wav,jazz
599,jazz.00099.wav,jazz
600,metal.00000.wav,metal
601,metal.00001.wav,metal
602,metal.00002.wav,metal
603,metal.00003.wav,metal
604,metal.00004.wav,metal
605,metal.00005.wav,metal
606,metal.00006.wav,metal
607,metal.00007.wav,metal
608,metal.00008.wav,metal
609,metal.00009.wav,metal
610,metal.00010.wav,metal
611,metal.00011.wav,metal
612,metal.00012.wav,metal
613,metal.00013.wav,metal
614,metal.00014.wav,metal
615,metal.00015.wav,metal
616,metal.00016.wav,metal
617,metal.00017.wav,metal
618,metal.00018.wav,metal
619,metal.00019.wav,metal
620,metal.00020.wav,metal
621,metal.00021.wav,metal
622,metal.00022.wav,metal
623,metal.00023.wav,metal
624,metal.00024.wav,metal
625,metal.00025.wav,metal
626,metal.00026.wav,metal
627,metal.00027.wav,metal
628,metal.00028.wav,metal
629,metal.00029.wav,metal
630,metal.00030.wav,metal
631,metal.00031.wav,metal
632,metal.00032.wav,metal
633,metal.00033.wav,metal
634,metal.00034.wav,metal
635,metal.00035.wav,metal
636,metal.00036.wav,metal
637,metal.00037.wav,metal
638,metal.00038.wav,metal
639,metal.00039.wav,metal
640,metal.00040.wav,metal
641,metal.00041.wav,metal
642,metal.00042.wav,metal
643,metal.00043.wav,metal
644,metal.00044.wav,metal
645,metal.00045.wav,metal
646,metal.00046.wav,metal
647,metal.00047.wav,metal
648,metal.00048.wav,metal
649,metal.00049.wav,metal
650,metal.00050.wav,metal
651,metal.00051.wav,metal
652,metal.00052.wav,metal
653,metal.00053.wav,metal
654,metal.00054.wav,metal
655,metal.00055.wav,metal
656,metal.00056.wav,metal
657,metal.00057.wav,metal
658,metal.00058.wav,metal
659,metal.00059.wav,metal
660,metal.00060.wav,metal
661,metal.00061.wav,metal
662,metal.00062.wav,metal
663,metal.00063.wav,metal
664,metal.00064.wav,metal
665,metal.00065.wav,metal
666,metal.00066.wav,metal
667,metal.00067.wav,metal
668,metal.00068.wav,metal
669,metal.00069.wav,metal
670,metal.00070.wav,metal
671,metal.00071.wav,metal
672,metal.00072.wav,metal
673,metal.00073.wav,metal
674,metal.00074.wav,metal
675,metal.00075.wav,metal
676,metal.00076.wav,metal
677,metal.00077.wav,metal
678,metal.00078.wav,metal
679,metal.00079.wav,metal
680,metal.00080.wav,metal
681,metal.00081.wav,metal
682,metal.00082.wav,metal
683,metal.00083.wav,metal
684,metal.00084.wav,metal
685,metal.00085.wav,metal
686,metal.00086.wav,metal
687,metal.00087.wav,metal
688,metal.00088.wav,metal
689,metal.00089.wav,metal
690,metal.00090.wav,metal
691,metal.00091.wav,metal
692,metal.00092.wav,metal
693,metal.00093.wav,metal
694,metal.00094.wav,metal
695,metal.00095.wav,metal
696,metal.00096.wav,metal
697,metal.00097.wav,metal
698,metal.00098.wav,metal
699,metal.00099.wav,metal
700,pop.00000.wav,pop
701,pop.00001.wav,pop
702,pop.00002.wav,pop
703,pop.00003.wav,pop
704,pop.00004.wav,pop
705,pop.00005.wav,pop
706,pop.00006.wav,pop
707,pop.00007.wav,pop
708,pop.00008.wav,pop
709,pop.00009.wav,pop
710,pop.00010.wav,pop
711,pop.00011.wav,pop
712,pop.00012.wav,pop
713,pop.00013.wav,pop
714,pop.00014.wav,pop
715,pop.00015.wav,pop
716,pop.00016.wav,pop
717,pop.00017.wav,pop
718,pop.00018.wav,pop
719,pop.00019.wav,pop
720,pop.00020.wav,pop
721,pop.00021.wav,pop
722,pop.00022.wav,pop
723,pop.00023.wav,pop
724,pop.00024.wav,pop
725,pop.00025.wav,pop
726,pop.00026.wav,pop
727,pop.00027.wav,pop
728,pop.00028.wav,pop
729,pop.00029.wav,pop
730,pop.00030.wav,pop
731,pop.00031.wav,pop
732,pop.00032.wav,pop
733,pop.00033.wav,pop
734,pop.00034.wav,pop
735,pop.00035.wav,pop
736,pop.00036.wav,pop
737,pop.00037.wav,pop
738,pop.00038.wav,pop
739,pop.00039.wav,pop
740,pop.00040.wav,pop
741,pop.00041.wav,pop
742,pop.00042.wav,pop
743,pop.00043.wav,pop
744,pop.00044.wav,pop
745,pop.00045.wav,pop
746,pop.00046.wav,pop
747,pop.00047.wav,pop
748,pop.00048.wav,pop
749,pop.00049.wav,pop
750,pop.00050.wav,pop
751,pop.00051.wav,pop
752,pop.00052.wav,pop
753,pop.00053.wav,pop
754,pop.00054.wav,pop
755,pop.00055.wav,pop
756,pop.00056.wav,pop
757,pop.00057.wav,pop
758,pop.00058.wav,pop
759,pop.00059.wav,pop
760,pop.00060.wav,pop
761,pop.00061.wav,pop
762,pop.00062.wav,pop
763,pop.00063.wav,pop
764,pop.00064.wav,pop
765,pop.00065.wav,pop
766,pop.00066.wav,pop
767,pop.00067.wav,pop
768,pop.00068.wav,pop
769,pop.00069.wav,pop
770,pop.00070.wav,pop
771,pop.00071.wav,pop
772,pop.00072.wav,pop
773,pop.00073.wav,pop
774,pop.00074.wav,pop
775,pop.00075.wav,pop
776,pop.00076.wav,pop
777,pop.00077.wav,pop
778,pop.00078.wav,pop
779,pop.00079.wav,pop
780,pop.00080.wav,pop
781,pop.00081.wav,pop
782,pop.00082.wav,pop
783,pop.00083.wav,pop
784,pop.00084.wav,pop
785,pop.00085.wav,pop
786,pop.00086.wav,pop
787,pop.00087.wav,pop
788,pop.00088.wav,pop
789,pop.00089.wav,pop
790,pop.00090.wav,pop
791,pop.00091.wav,pop
792,pop.00092.wav,pop
793,pop.00093.wav,pop
794,pop.00094.wav,pop
795,pop.00095.wav,pop
796,pop.00096.wav,pop
797,pop.00097.wav,pop
798,pop.00098.wav,pop
799,pop.00099.wav,pop
800,reggae.00000.wav,reggae
801,reggae.00001.wav,reggae
802,reggae.00002.wav,reggae
803,reggae.00003.wav,reggae
804,reggae.00004.wav,reggae
805,reggae.00005.wav,reggae
806,reggae.00006.wav,reggae
807,reggae.00007.wav,reggae
808,reggae.00008.wav,reggae
809,reggae.00009.wav,reggae
810,reggae.00010.wav,reggae
811,reggae.00011.wav,reggae
812,reggae.00012.wav,reggae
813,reggae.00013.wav,reggae
814,reggae.00014.wav,reggae
815,reggae.00015.wav,reggae
816,reggae.00016.wav,reggae
817,reggae.00017.wav,reggae
818,reggae.00018.wav,reggae
819,reggae.00019.wav,reggae
820,reggae.00020.wav,reggae
821,reggae.00021.wav,reggae
822,reggae.00022.wav,reggae
823,reggae.00023.wav,reggae
824,reggae.00024.wav,reggae
825,reggae.00025.wav,reggae
826,reggae.00026.wav,reggae
827,reggae.00027.wav,reggae
828,reggae.00028.wav,reggae
829,reggae.00029.wav,reggae
830,reggae.00030.wav,reggae
831,reggae.00031.wav,reggae
832,reggae.00032.wav,reggae
833,reggae.00033.wav,reggae
834,reggae.00034.wav,reggae
835,reggae.00035.wav,reggae
836,reggae.00036.wav,reggae
837,reggae.00037.wav,reggae
838,reggae.00038.wav,reggae
839,reggae.00039.wav,reggae
840,reggae.00040.wav,reggae
841,reggae.00041.wav,reggae
842,reggae.00042.wav,reggae
843,reggae.00043.wav,reggae
844,reggae.00044.wav,reggae
845,reggae.00045.wav,reggae
846,reggae.00046.wav,reggae
847,reggae.00047.wav,reggae
848,reggae.00048.wav,reggae
849,reggae.00049.wav,reggae
850,reggae.00050.wav,reggae
851,reggae.00051.wav,reggae
852,reggae.00052.wav,reggae
853,reggae.00053.wav,reggae
854,reggae.00054.wav,reggae
855,reggae.00055.wav,reggae
856,reggae.00056.wav,reggae
857,reggae.00057.wav,reggae
858,reggae.00058.wav,reggae
859,reggae.00059.wav,reggae
860,reggae.00060.wav,reggae
861,reggae.00061.wav,reggae
862,reggae.00062.wav,reggae
863,reggae.00063.wav,reggae
864,reggae.00064.wav,reggae
865,reggae.00065.wav,reggae
866,reggae.00066.wav,reggae
867,reggae.00067.wav,reggae
868,reggae.00068.wav,reggae
869,reggae.00069.wav,reggae
870,reggae.00070.wav,reggae
871,reggae.00071.wav,reggae
872,reggae.00072.wav,reggae
873,reggae.00073.wav,reggae
874,reggae.00074.wav,reggae
875,reggae.00075.wav,reggae
876,reggae.00076.wav,reggae
877,reggae.00077.wav,reggae
878,reggae.00078.wav,reggae
879,reggae.00079.wav,reggae
880,reggae.00080.wav,reggae
881,reggae.00081.wav,reggae
882,reggae.00082.wav,reggae
883,reggae.00083.wav,reggae
884,reggae.00084.wav,reggae
885,reggae.00085.wav,reggae
886,reggae.00086.wav,reggae
887,reggae.00087.wav,reggae
888,reggae.00088.wav,reggae
889,reggae.00089.wav,reggae
890,reggae.00090.wav,reggae
891,reggae.00091.wav,reggae
892,reggae.00092.wav,reggae
893,reggae.00093.wav,reggae
894,reggae.00094.wav,reggae
895,reggae.00095.wav,reggae
896,reggae.00096.wav,reggae
897,reggae.00097.wav,reggae
898,reggae.00098.wav,reggae
899,reggae.00099.wav,reggae
900,rock.00000.wav,rock
901,rock.00001.wav,rock
902,rock.00002.wav,rock
903,rock.00003.wav,rock
904,rock.00004.wav,rock
905,rock.00005.wav,rock
906,rock.00006.wav,rock
907,rock.00007.wav,rock
908,rock.00008.wav,rock
909,rock.00009.wav,rock
910,rock.00010.wav,rock
911,rock.00011.wav,rock
912,rock.00012.wav,rock
913,rock.00013.wav,rock
914,rock.00014.wav,rock
915,rock.00015.wav,rock
916,rock.00016.wav,rock
917,rock.00017.wav,rock
918,rock.00018.wav,rock
919,rock.00019.wav,rock
920,rock.00020.wav,rock
921,rock.00021.wav,rock
922,rock.00022.wav,rock
923,rock.00023.wav,rock
924,rock.00024.wav,rock
925,rock.00025.wav,rock
926,rock.00026.wav,rock
927,rock.00027.wav,rock
928,rock.00028.wav,rock
929,rock.00029.wav,rock
930,rock.00030.wav,rock
931,rock.00031.wav,rock
932,rock.00032.wav,rock
933,rock.00033.wav,rock
934,rock.00034.wav,rock
935,rock.00035.wav,rock
936,rock.00036.wav,rock
937,rock.00037.wav,rock
938,rock.00038.wav,rock
939,rock.00039.wav,rock
940,rock.00040.wav,rock
941,rock.00041.wav,rock
942,rock.00042.wav,rock
943,rock.00043.wav,rock
944,rock.00044.wav,rock
945,rock.00045.wav,rock
946,rock.00046.wav,rock
947,rock.00047.wav,rock
948,rock.00048.wav,rock
949,rock.00049.wav,rock
950,rock.00050.wav,rock
951,rock.00051.wav,rock
952,rock.00052.wav,rock
953,rock.00053.wav,rock
954,rock.00054.wav,rock
955,rock.00055.wav,rock
956,rock.00056.wav,rock
957,rock.00057.wav,rock
958,rock.00058.wav,rock
959,rock.00059.wav,rock
960,rock.00060.wav,rock
961,rock.00061.wav,rock
962,rock.00062.wav,rock
963,rock.00063.wav,rock
964,rock.00064.wav,rock
965,rock.00065.wav,rock
966,rock.00066.wav,rock
967,rock.00067.wav,rock
968,rock.00068.wav,rock
969,rock.00069.wav,rock
970,rock.00070.wav,rock
971,rock.00071.wav,rock
972,rock.00072.wav,rock
973,rock.00073.wav,rock
974,rock.00074.wav,rock
975,rock.00075.wav,rock
976,rock.00076.wav,rock
977,rock.00077.wav,rock
978,rock.00078.wav,rock
979,rock.00079.wav,rock
980,rock.00080.wav,rock
981,rock.00081.wav,rock
982,rock.00082.wav,rock
983,rock.00083.wav,rock
984,rock.00084.wav,rock
985,rock.00085.wav,rock
986,rock.00086.wav,rock
987,rock.00087.wav,rock
988,rock.00088.wav,rock
989,rock.00089.wav,rock
990,rock.00090.wav,rock
991,rock.00091.wav,rock
992,rock.00092.wav,rock
993,rock.00093.wav,rock
994,rock.00094.wav,rock
995,rock.00095.wav,rock
996,rock.00096.wav,rock
997,rock.00097.wav,rock
998,rock.00098.wav,rock
999,rock.00099.wav,rock
